username;date;retweets;favorites;text;geo;mentions;hashtags;id;permalink
;2018-02-16 17:09;0;0;"Sorry Real Techniques Beauty Sponge ..... I’m officially a Beauty Blender girl!!!!! @beautyblender";;@beautyblender;;"964637935810367488";https://twitter.com/CarmenP0204/status/964637935810367488
;2018-02-16 14:16;0;4;"Main squeeze & the side piece.... Our limited edition chill blender is here for a good time but not a long time. If you love our newest bb make sure to scoop her up before she goes. #chillitsjustmakeup - http:// ift.tt/2C1KEXb";;;#chillitsjustmakeup;"964594287580237825";https://twitter.com/beautyblender/status/964594287580237825
;2018-02-16 13:53;0;0;"I need a new beautyblender ;(";;;;"964588543145398273";https://twitter.com/hannahcortez27/status/964588543145398273
;2018-02-16 11:29;0;2;"I have lost and rebought FOUR beauty blenders since January 1st. I am THE millennial idiot that all marketers dream of. @beautyblender";;@beautyblender;;"964552434591858691";https://twitter.com/chahatkchadha/status/964552434591858691
;2018-02-16 10:01;0;4;"¡El set 'All about Face' de BeautyBlender es el kit perfecto para los amantes de la marca! ¡Mira todo lo que contiene! Original beautyblender ® Beauty.blusher http:// Micro.mini Mini blendercleanser® solid® hannahheartss https://www. maquillalia.com/beautyblender- esponjas-especial-maquillaje-about-face-p-35264.html … pic.twitter.com/vkg5Bd07Qd";;;;"964530068952436737";https://twitter.com/maquillalia/status/964530068952436737
;2018-02-16 09:00;1;1;"#TB to Milan when @DrMaryamZamani met the wonderful Esserbella team. Are you in Milan? Come and see us at Esserbella. #Milan #cosmetic #beautyblog #bbloggers #beautycare #antiaging #lotion #beautyblender #healthyskin #nightcream #skincareluxury #glowingskin #daycream #fashionweek pic.twitter.com/I4IvvWQrnT";;@DrMaryamZamani;#TB #Milan #cosmetic #beautyblog #bbloggers #beautycare #antiaging #lotion #beautyblender #healthyskin #nightcream #skincareluxury #glowingskin #daycream #fashionweek;"964514717350887434";https://twitter.com/MZSkinOfficial/status/964514717350887434
;2018-02-16 02:53;0;0;"Have kids they said, they are wonderful. @ABHcosmetics #ModernRenaissance #AnastasiaBeverlyHills #radiantblushkit #BlushKit @beautyblender #beautyblender pic.twitter.com/2Wr2OmNvII";;@ABHcosmetics @beautyblender;#ModernRenaissance #AnastasiaBeverlyHills #radiantblushkit #BlushKit #beautyblender;"964422496999976961";https://twitter.com/Rosita_Aliana/status/964422496999976961
;2018-02-15 22:41;0;0;"BENNETTS MISSION: Seak and destroy all @beautyblender , leave no survivors. pic.twitter.com/h9BjUoQOpz";;@beautyblender;;"964359065559212032";https://twitter.com/mohhmoneyy/status/964359065559212032
;2018-02-15 21:55;0;2;"I was sanitizing one of my #beautyblender s and my brother thought I was cooking an egg";;;#beautyblender;"964347542019497984";https://twitter.com/RileyStogner/status/964347542019497984
;2018-02-15 13:13;0;3;"Hello... is it beautyblender you're looking for? : @dollyrockinbeauty pic.twitter.com/r8nrULSxXL";;@dollyrockinbeauty;;"964216030896840705";https://twitter.com/beautyblenderUK/status/964216030896840705
;2018-02-15 11:08;0;3;"#BeautyFinds ...did you know @beautyblender launched a sponge just for #highlighters ?? The #beautyblender #beautyblusher sponge is available now on the brand's website for $16. Who knew! pic.twitter.com/vltiZsdzMp";;@beautyblender;#BeautyFinds #highlighters #beautyblender #beautyblusher;"964184645095981056";https://twitter.com/BougeoirMag/status/964184645095981056
;2018-02-15 08:48;0;0;"Gorgeous makeup look inspired by @priyankachopra http:// bit.ly/PCVDAY @tartecosmetics @beautyblender @farsaliCare @NyxCosmetics @LOrealParisUSA @shopvioletvoss @bareMinerals @NARSCosmetics @wetnwildbeauty @bhcosmetics pic.twitter.com/MEVwV5eyX3";;@priyankachopra @tartecosmetics @beautyblender @farsaliCare @NyxCosmetics @LOrealParisUSA @shopvioletvoss @bareMinerals @NARSCosmetics @wetnwildbeauty @bhcosmetics;;"964149447390322689";https://twitter.com/shradysstyle/status/964149447390322689
;2018-02-15 07:16;0;0;"beautyblender We you, beauty http://www. epimail.com/127821 pic.twitter.com/8qZ4fXGKle";;;;"964126171939180552";https://twitter.com/epimail/status/964126171939180552
;2018-02-15 02:05;1;1;"An Ode to the BeautyBlender | new post http:// jasminetalksbeauty.com | direct link in bio http:// ift.tt/2sxEyK7 pic.twitter.com/uyniztFlFI";;;;"964048124712030208";https://twitter.com/jasminetalksblg/status/964048124712030208
;2018-02-12 23:49;2;13;"VIVID + VIBRANT beauty by Sarah Lucero @tibi FW18 @stilacosmetics @MarulaBeauty @beautyblender #NYFW pic.twitter.com/uodYhEABNK";;@tibi @stilacosmetics @MarulaBeauty @beautyblender;#NYFW;"963289069370224640";https://twitter.com/sarahluceroglam/status/963289069370224640
;2018-02-12 03:24;5;7;"11 things you only know if you're a @beautyblender addict, like never ever use a dry one: http:// bit.ly/2BPerSI @PhoebeParke pic.twitter.com/JkF2iRbgUO";;@beautyblender @PhoebeParke;;"962980615153967104";https://twitter.com/TheDebrief/status/962980615153967104
;2018-02-10 16:41;0;1;"Unters Auge mit beautyblender babypuder tupfen dann dein Auge schminken und wenn du fertig bist mit pinsel einfach babypuder weg pinseln";;;;"962456431428595718";https://twitter.com/leyla_yan/status/962456431428595718
;2018-02-09 13:43;4;72;"There is a NEW #BeautyBlender in Town Available Now!! Online @beautyblender #BeautyBlusherCheeky From cream blushers to powders, this cheeky blusher provides a flawless pop of color in a juicy new grapefruit hue. $16 pic.twitter.com/7BR9ibrhee";;@beautyblender;#BeautyBlender #BeautyBlusherCheeky;"962049299658846208";https://twitter.com/TrenDMooD/status/962049299658846208
;2018-02-09 11:45;0;0;"#7: BeautyBlender Original Schwamm Pink, 1er Pack (1 x 1 Stück) https:// is.gd/nTVev8 pic.twitter.com/fpfj4Gn4cr";;;#7;"962019577382277120";https://twitter.com/clotureman3/status/962019577382277120
;2018-02-06 17:46;0;1;"yeah that happens after a while, you have to replace them im pretty sure the brand suggests every 2 or 3 months its from being damp all the time and not being able to dry evenly";;;;"961023226980773890";https://twitter.com/katjal0/status/961023226980773890
;2018-02-15 02:02;1;3;"An Ode to the BeautyBlender x http://www. jasminetalksbeauty.com/2018/02/an-ode -to-beautyblender.html … #bbloggers #bblogger #beautyblogger #makeup #fblchat pic.twitter.com/ZKS5mEdCHs";;;#bbloggers #bblogger #beautyblogger #makeup #fblchat;"964047310970916864";https://twitter.com/jasminetalksblg/status/964047310970916864
;2018-02-14 11:07;0;2;"Telling your friends your beautyblender is your valentine is normal, right?! #ValentinesDay #GalentinesDay pic.twitter.com/yE3qmKzdAo";;;#ValentinesDay #GalentinesDay;"963822066217742336";https://twitter.com/beautyblenderUK/status/963822066217742336
;2018-02-14 07:31;0;0;"I have a love/hate relationship with my @beautyblender #stubbornspot #beautyblenderproblems pic.twitter.com/hLvbZVBj9O";;@beautyblender;#stubbornspot #beautyblenderproblems;"963767555063255040";https://twitter.com/debbieawillis/status/963767555063255040
;2018-02-13 13:09;0;1;"You got this babe #beautyblender pic.twitter.com/yvM5nr3IaU";;;#beautyblender;"963490371182489602";https://twitter.com/beautyblenderUK/status/963490371182489602
;2018-02-12 16:20;0;3;"Code Susieboolips for $$ off: @spoiledlips @dodolashes #morphe #lauramercier #anastasiabeverlyhills #beautyblender #gerardcosmetics #nyx #benefitcosmetics #doseofcolors #fem #girly #glitter #linerandbrows #lashes #bling #spoiledlips #jeffreestarcosmetics pic.twitter.com/z36PdsIlBc";;@spoiledlips @dodolashes;#morphe #lauramercier #anastasiabeverlyhills #beautyblender #gerardcosmetics #nyx #benefitcosmetics #doseofcolors #fem #girly #glitter #linerandbrows #lashes #bling #spoiledlips #jeffreestarcosmetics;"963175927722078209";https://twitter.com/SusieBooLips/status/963175927722078209
;2018-02-12 13:48;0;0;"Beautyblender Launched a Sponge Just For Highlighters and Other Shiny Sh*t http:// dlvr.it/QG4PLJ pic.twitter.com/qYy6j9HDk1";;;;"963137667822047232";https://twitter.com/InTheLoopMag_/status/963137667822047232
;2018-02-12 11:14;2;3;"Life changing #makeup advice from @blushandboneMUA @beautyblender should always be used moist. #TheMoreYouKnow";;@blushandboneMUA @beautyblender;#makeup #TheMoreYouKnow;"963098902047031296";https://twitter.com/weingold/status/963098902047031296
;2018-02-11 08:13;137;32;"รีวิว Huda beauty Fauxfilter high coverage foundation สี 300N / Latte ปกปิดดีมากกกตามรูป แอบหนาเเต่ไม่ได้เกลี่ยยากเเห้งค่อนข้างไวเลย อันนี้ใช้กับbeautyblender คุมมันค่อนข้างดีเเต่งตั้งเเต่บ่ายสองยันสองทุ่มมันเเค่จมูกมีตกร่องแก้มนิดหน่อย #ไว้รีวิวห้ามขายของโว้ยยย pic.twitter.com/Gzql0KrkLL";;;#ไว;"962691170508787717";https://twitter.com/mtmintjhh/status/962691170508787717
;2018-02-11 05:00;1;2;"@DrMaryamZamani on how to apply our masks, swipe to see more. At the In Goop Health Summit. @goop #InGoopHealth #eyelove #eyebar #drmaryamzamani #mzskin #LEDmask #eyemask #facemask #cosmetic #beautyblog #bbloggers #beautycare #antiaging #lotion #beautyblender #healthyskin pic.twitter.com/NfvmYt99n7";;@DrMaryamZamani @goop;#InGoopHealth #eyelove #eyebar #drmaryamzamani #mzskin #LEDmask #eyemask #facemask #cosmetic #beautyblog #bbloggers #beautycare #antiaging #lotion #beautyblender #healthyskin;"962642428942483458";https://twitter.com/MZSkinOfficial/status/962642428942483458
;2018-02-10 13:31;0;2;"Got my first Editor’s Box from @FabFitFun #wildheartedgypsy #fabfitfun #fffgiveaway #fashion #fashionblogger #makeup #bathsalts #earrings #gymbag #facemask #beautyblender #allthethings #beauty http:// ift.tt/2snd5uD pic.twitter.com/Q8G81hZrFz";;@FabFitFun;#wildheartedgypsy #fabfitfun #fffgiveaway #fashion #fashionblogger #makeup #bathsalts #earrings #gymbag #facemask #beautyblender #allthethings #beauty;"962408816682860544";https://twitter.com/WildHeartdGypsy/status/962408816682860544
;2018-02-06 16:39;0;0;"I think my @beautyblender is moldy?? There’s black/grey parts that won’t come out clean no matter how much I scrub with the special soap??";;@beautyblender;;"961006499572142080";https://twitter.com/martinamillerx/status/961006499572142080
;2018-02-06 16:37;0;0;"HOW do u even get a smooth finish with a brush? When I use a brush it just goes all liney. My beautyblender is my best friend";;;;"961006020133875712";https://twitter.com/CLlNTNAT/status/961006020133875712
;2018-02-06 16:20;1;28;"i’m not one to brag but today i blotted my tears into my makeup with my beautyblender";;;;"961001743696965633";https://twitter.com/elinalikesdogs/status/961001743696965633
;2018-02-06 15:55;0;1;"#benefitbrows @BenefitBeauty #lashes @houseoflashes #doseofcolors @Doseofcolors @BECCA_COSMETICS #beccacosmetics @Clinique #clinique @Fossil #fossilwatch @beautyblender #beautyblender #motd #happiness #beautyblog pic.twitter.com/MhXZpGVfND";;@BenefitBeauty @houseoflashes @Doseofcolors @BECCA_COSMETICS @Clinique @Fossil @beautyblender;#benefitbrows #lashes #doseofcolors #beccacosmetics #clinique #fossilwatch #beautyblender #motd #happiness #beautyblog;"960995486416203781";https://twitter.com/maganr0324/status/960995486416203781
;2018-02-06 15:31;0;0;"#queening with these #queens #melaninpoppin #browngirls #beauty #beautyblender #photobooths https://www. instagram.com/p/Be3s1pNgtD-/";;;#queening #queens #melaninpoppin #browngirls #beauty #beautyblender #photobooths;"960989329215586304";https://twitter.com/NikeaGT/status/960989329215586304
;2018-02-06 14:02;0;3;"The original beautyblender duo, these two are made for each other! Regram @hayleylouise .xo pic.twitter.com/QVKAvehmWI";;@hayleylouise;;"960967029741248513";https://twitter.com/beautyblenderUK/status/960967029741248513
;2018-02-06 13:41;0;1;"I keep saying that I don’t need a beauty blender and I’m not going to buy them anymore. But shit I just did my full face of makeup (in the car) with one single @beautyblender . And it’s definitely a good makeup day.";;@beautyblender;;"960961661765996545";https://twitter.com/KitschyKritter/status/960961661765996545
;2018-02-06 13:41;0;0;"Beauty gurus that say the real techniques sponge is a dupe for the beautyblender need to be stopped";;;;"960961655168315392";https://twitter.com/yoursforever41/status/960961655168315392
;2018-02-06 13:39;0;0;"j'ai retrouver un beautyblender que j'avais acheter au Monoprix, dur comme de la pierre le truc jpeux mm pas l'utiliser jme suis grv faite arnaquer";;;;"960961279115649025";https://twitter.com/mllxvanessa_/status/960961279115649025
;2018-02-14 14:36;0;0;"when the beautyblender is crusty af @JeffreeStar pic.twitter.com/O5UlZoe51d";;@JeffreeStar;;"963874510649942017";https://twitter.com/georgiegracearm/status/963874510649942017
;2018-02-14 03:35;0;0;"Beautyblender Launched a Sponge Just For Highlighters and Other Shiny Sh*t https://www. healthrefreshment.com/beautyblender- launched-a-sponge-just-for-highlighters-and-other-shiny-sht/ … pic.twitter.com/sHGrv1xgWT";;;;"963708257872248832";https://twitter.com/HealthBeauty747/status/963708257872248832
;2018-02-13 16:26;0;0;"Please RT #beauty #makeup SILICONE BEAUTYBLENDER &quot;! Trying an Evie Blender for Foundation! http:// bit.ly/2nPF4Pi pic.twitter.com/HK7F7MMKBQ";;;#beauty #makeup;"963539979157868544";https://twitter.com/girlsbeautyyy/status/963539979157868544
;2018-02-13 16:01;0;7;"Dropped my beautyblender in the toilet. RIP.";;;;"963533496105889792";https://twitter.com/tyreeshaw_/status/963533496105889792
;2018-02-13 06:46;0;0;"beautyblender The newest addition to the family #beauty .blusher http://www. epimail.com/124868 pic.twitter.com/l482qtKEnW";;;#beauty;"963393940107026432";https://twitter.com/epimail/status/963393940107026432
;2018-02-12 16:29;0;3;"Code Susieboolips for $$ off: @spoiledlips @dodolashes #morphe #lauramercier #anastasiabeverlyhills #beautyblender #gerardcosmetics #nyx #benefitcosmetics #doseofcolors #fem #girly #glitter #linerandbrows #lashes #bling #spoiledlips #jeffreestarcosmetics pic.twitter.com/LCuz6VlPwU";;@spoiledlips @dodolashes;#morphe #lauramercier #anastasiabeverlyhills #beautyblender #gerardcosmetics #nyx #benefitcosmetics #doseofcolors #fem #girly #glitter #linerandbrows #lashes #bling #spoiledlips #jeffreestarcosmetics;"963178301710675968";https://twitter.com/SusieBooLips/status/963178301710675968
;2018-02-12 15:12;0;1;"Cosmetic:Tools: Beautyblender Launched a Sponge Just For Highli.. http:// bit.ly/2BpYQYQ #cosmetic pic.twitter.com/6ZUZb5h7ed";;;#cosmetic;"963158810805272576";https://twitter.com/BrandsBeautyUsa/status/963158810805272576
;2018-02-12 11:08;0;1;"ICYMI Get @beautyblender & brushes squeaky clean with their limited edition solid chill swirl #blendercleanser ($16). Available online at @sephora . Pic and Info @beautyblender Follow me to get all the latest beauty / makeup Sneak Peeks, Launches, R… http:// ift.tt/2G80UE6 pic.twitter.com/2UFdTgs9OU";;@beautyblender @sephora @beautyblender;#blendercleanser;"963097408732352512";https://twitter.com/BtyFxByCeleste/status/963097408732352512
;2018-02-11 12:36;0;0;"My Valentines @BenefitBeauty @itcosmetics @MACcosmetics @CurologyUSA @BuxomCosmetics @ArdellBeauty @toofaced @anastasiabeverlyhills @beautyblender @urbandecaycosmetics @revlon #colorstayconcealer #makeup #valentinesmakeup #beautifulgirl #love #makeupbyme #makeupinspo pic.twitter.com/bqHMJCz4rG";;@BenefitBeauty @itcosmetics @MACcosmetics @CurologyUSA @BuxomCosmetics @ArdellBeauty @toofaced @anastasiabeverlyhills @beautyblender @urbandecaycosmetics @revlon;#colorstayconcealer #makeup #valentinesmakeup #beautifulgirl #love #makeupbyme #makeupinspo;"962757323922997248";https://twitter.com/slaywithtray_mu/status/962757323922997248
;2018-02-10 16:38;0;0;"beautyblender The cutest tool to apply your blush is HERE! http://www. epimail.com/120910 pic.twitter.com/7gVEVeBMzV";;;;"962455716832399366";https://twitter.com/epimail/status/962455716832399366
;2018-02-09 20:04;0;2;"I want thank @beautyblender for making my day thank you so much!! I will continue to support beauty blender pic.twitter.com/PPCbBVbXGa";;@beautyblender;;"962145321630314496";https://twitter.com/MjMonstrr/status/962145321630314496
;2018-02-09 14:30;0;1;"There's a New Beautyblender in Town and It's TEAL! http:// sni.ps/0Vk pic.twitter.com/l3mPWKzFmm";;;;"962061235528192000";https://twitter.com/LinxBeauty/status/962061235528192000
;2018-02-06 11:21;0;0;"ついに買えた〜〜！！ Beautyblender もついでに買っちゃったよ… そしてfentyも遂に買えた…届くの楽しみ！！！ pic.twitter.com/IOwOv19QTQ";;;;"960926446343434240";https://twitter.com/y_n_61_4/status/960926446343434240
;2018-02-06 10:58;0;0;"Ставим и читаем ...Впервые #beautyblender был изобретен известным профессиональным… https://www. instagram.com/p/BeNVR4WjwlM/";;;#beautyblender;"960920616013565952";https://twitter.com/YelenaHolodnaja/status/960920616013565952
;2018-02-06 10:11;0;0;"Gostei de um vídeo @YouTube http:// youtu.be/fqlwwbnNk3s?aO QUE TEM DENTRO DA SUA BEAUTYBLENDER ? #LuhTodoDia | Estilo Bifásico";;@YouTube;#LuhTodoDia;"960908923959066624";https://twitter.com/_LuizaMartins_/status/960908923959066624
;2018-02-06 09:02;0;1;"When you have unlimited chill! #beautyblender #CHILL now at @jennysimonface https://www. instagram.com/p/Be3AtkGH_nl/";;@jennysimonface;#beautyblender #CHILL;"960891479102230528";https://twitter.com/jennysimonFACE/status/960891479102230528
;2018-02-06 08:03;0;1;"Beautiful girl";;;;"960876653948948481";https://twitter.com/beautyblender/status/960876653948948481
;2018-02-06 07:20;0;1;"Me ha llamado la atención la esponjita que se activa con el agu";;;;"960865720832847872";https://twitter.com/WhynotShopper/status/960865720832847872
;2018-02-06 04:42;0;2;"Me encanta";;;;"960826024853372929";https://twitter.com/mivestidoazul_/status/960826024853372929
;2018-02-13 19:30;0;2;"I swore by my beautyBlender , until I tried this... https://www. theteacherdiva.com/2018/01/januar y-beauty-buys.html … #ttdbeautytalk pic.twitter.com/bBot5n7EEX";;;#ttdbeautytalk;"963586090010644480";https://twitter.com/theteacherdiva/status/963586090010644480
;2018-02-13 17:01;0;0;"When you get eyeliner on your Beauty Blender! @beautyblender #makeup #beauty #beautytips #OMG pic.twitter.com/azwTH54s4U";;@beautyblender;#makeup #beauty #beautytips #OMG;"963548774399397889";https://twitter.com/RhythmandBeauty/status/963548774399397889
;2018-02-12 17:41;0;0;"Beautyblender Launched a Sponge Just For Highlighters and Other Shiny Sh*t http:// dlvr.it/QG5gWF pic.twitter.com/9mhbTD6p5t";;;;"963196291776839681";https://twitter.com/shawnalleeis1/status/963196291776839681
;2018-02-12 16:22;0;3;"Code Susieboolips for $$ off: @spoiledlips @dodolashes #morphe #lauramercier #anastasiabeverlyhills #beautyblender #gerardcosmetics #nyx #benefitcosmetics #doseofcolors #fem #girly #glitter #linerandbrows #lashes #bling #spoiledlips #jeffreestarcosmetics pic.twitter.com/WPOvrEUN6v";;@spoiledlips @dodolashes;#morphe #lauramercier #anastasiabeverlyhills #beautyblender #gerardcosmetics #nyx #benefitcosmetics #doseofcolors #fem #girly #glitter #linerandbrows #lashes #bling #spoiledlips #jeffreestarcosmetics;"963176395928055808";https://twitter.com/SusieBooLips/status/963176395928055808
;2018-02-12 13:28;0;0;"Love a new @beautyblenderUK day #blog #blogger #makeup #beautyblogger #beautyblender pic.twitter.com/q8mhL007BA";;@beautyblenderUK;#blog #blogger #makeup #beautyblogger #beautyblender;"963132613421686785";https://twitter.com/lifeoflel/status/963132613421686785
;2018-02-12 05:59;0;0;"Too lazy to remove your makeup at night? Keep a pack of cotton pads and a make up remover on your bedside table! Buy the Cotton Pads from Gubb USA: http://www. gubbworld.com Now available in India. #beautyhacks #beautytips #beautytrends #beautytime #makeupremover #beautyblender pic.twitter.com/LSwynEzO9g";;;#beautyhacks #beautytips #beautytrends #beautytime #makeupremover #beautyblender;"963019637876297728";https://twitter.com/GUBB_USA/status/963019637876297728
;2018-02-11 12:39;0;0;"My Valentines @BenefitBeauty @itcosmetics @maccosmetics @CurologyUSA @BuxomCosmetics @ArdellBeauty @TooFaced @AnastasiaBevHil @beautyblender @UrbanDecay @revlon #colorstayconcealer #makeup #valentinesmakeup #beautifulgirl #love #makeupbyme #makeupinspo #makeupartist pic.twitter.com/7qOXvB0qeo";;@BenefitBeauty @itcosmetics @maccosmetics @CurologyUSA @BuxomCosmetics @ArdellBeauty @TooFaced @AnastasiaBevHil @beautyblender @UrbanDecay @revlon;#colorstayconcealer #makeup #valentinesmakeup #beautifulgirl #love #makeupbyme #makeupinspo #makeupartist;"962758114058567681";https://twitter.com/slaywithtray_mu/status/962758114058567681
;2018-02-10 12:31;0;0;"My Valentine's swap box from my fb group http:// im.in , got spoiled @TooFaced white peach palette @fentybeauty Hustla Baby highlighter @beautyblender another black one @Maccosmetics18 and @patrickstarrr powder plus tones of other goodies, not bad for a $100 box pic.twitter.com/tJj61b9e3E";;@TooFaced @fentybeauty @beautyblender @Maccosmetics18 @patrickstarrr;;"962393554126540800";https://twitter.com/EllieCasados/status/962393554126540800
;2018-02-10 05:17;0;0;"I cut off the bottom of my @beautyblender cause it hardened up a bit ( which is normal after months of use ) don't judge , ya girl is trying to save some cash for vacation and my own flat hopefully soon pic.twitter.com/cMEOBmF2nn";;@beautyblender;;"962284447574953984";https://twitter.com/PewPeeew/status/962284447574953984
;2018-02-09 10:18;0;0;"Beauty Encounter Promo Offers from Archipelago, BeautyBlender , & KMS - Get Details: http:// makeupbonuses.com/2018/02/09/bea uty-encounter-promo-offers-from-archipelago-beautyblender-kms/ … #BeautyEncounter @BeautyEncounter #BeautyBlender #archipelagobotanicals #shoparchipelago #KMSHairUS #BEAUTY #PROMO #OFFER pic.twitter.com/498DvHScoL";;@BeautyEncounter;#BeautyEncounter #BeautyBlender #archipelagobotanicals #shoparchipelago #KMSHairUS #BEAUTY #PROMO #OFFER;"961997778414198790";https://twitter.com/MakeupBonuses/status/961997778414198790
;2018-02-07 06:45;0;2;"In love with my @beautyblender & @morphebrushes beauty sponge? YASSS GIRL YASSS! http:// cherilyndoes.com/2018/02/07/rev isiting-the-beauty-blender/ … pic.twitter.com/bgS1XQBjFF";;@beautyblender @morphebrushes;;"961219274688946176";https://twitter.com/cherilyn_does/status/961219274688946176
;2018-02-06 02:58;0;1;"Quante di voi usano le @beautyblender ? Per il correttore ormai sono diventate in must have Comodissime da portare in viaggio, pratiche e efficienti. Finito il makeup le lavo con il sapone detergente che uso per le mani, naturalmente Bio! #beaut … http:// ift.tt/2E3773z pic.twitter.com/aHp66eBoEM";;@beautyblender;#beaut;"960799749279502336";https://twitter.com/marycliath98/status/960799749279502336
;2018-02-06 02:10;0;2;"Genial! Tomo nota";;;;"960787816920870912";https://twitter.com/rinconderachel/status/960787816920870912
;2018-02-06 01:54;1;0;"#preorder Too faced- TOO FACED X BEAUTYBLENDER BEAUTY'S BESTIES 1,550.- ลทบ 30/ ems 50/ นัดรับสยาม #ชี้เป้าโปรถูก #พรีออเดอร์ #howtoperfect #ถูกและดี #พื้นที่ขายของ #ของมันต้องมี #ถูกและดีบอกต่อ pic.twitter.com/WG37WVX6xJ";;;#preorder #ช #พร #howtoperfect #ถ #พ #ของม #ถ;"960783862799376385";https://twitter.com/cosmeww/status/960783862799376385
;2018-02-06 01:39;0;3;"A tener en cuenta!";;;;"960780000076140544";https://twitter.com/chuspons/status/960780000076140544
;2018-02-05 23:46;0;0;"with your beautyblender How to Apply Makeup Foundation http:// newbieto.com/makeup/with-yo ur-beautyblender-how-to-apply-makeup-foundation/ …";;;;"960751633142616064";https://twitter.com/NewbieTo/status/960751633142616064
;2018-02-12 14:11;1;9;"This year we're going to love ourselves! #chillitsjustmakeup - http:// ift.tt/2o1DOaG";;;#chillitsjustmakeup;"963143484264861697";https://twitter.com/beautyblender/status/963143484264861697
;2018-02-12 12:02;0;1;""Koh Gen Do Maifanshi Aqua Foundation is perfect — it has coverage but if you don’t use a lot and if you apply it with a damp Beautyblender it goes on very sheer. I love freckles and skin and Dakota has beautiful skin — why hide it?" - Evelyne Noraz, Makeup Dept. Head pic.twitter.com/5DENVE5c8u";;;;"963111195828920320";https://twitter.com/Koh_Gen_Do/status/963111195828920320
;2018-02-10 11:03;0;0;"@beautyblender I wash my beauty blender at least once a week and there was still a bubble of product at the bottom and today it finally popped off. I’ve only had this for a few months and this is my first beauty blender to have broken. Why??? pic.twitter.com/fQBhOY6iuh";;@beautyblender;;"962371426631249920";https://twitter.com/Lexxiiii_xxo/status/962371426631249920
;2018-02-10 03:23;0;0;"New post ( beautyblender blotterazzi pro: Reusable Blotting Pads with Mirrored Compact) has been published on Style 360 - http://www. style360.info/beautyblender- blotterazzi-pro-reusable-blotting-pads-with-mirrored-compact/ … pic.twitter.com/Ewhz47ZDFC";;;;"962255594085269504";https://twitter.com/TheStyle360/status/962255594085269504
;2018-02-09 18:40;0;0;"@Tashcosmetics Eye Candy loose shadow in Yellow @Prestige_us Vinyl liquid eyeliner @Salonperfect 615 and 614 lashes stacked @profusion strobe & glow palette @profusion 5 shade contour palette @benefitcosmetics Hoola Bronzer @beautyblender pic.twitter.com/67jJMUmKoP";;@Tashcosmetics @Prestige_us @Salonperfect @profusion @profusion @benefitcosmetics @beautyblender;;"962123952159166464";https://twitter.com/Jennifinii/status/962123952159166464
;2018-02-09 14:05;3;9;"We don't cook. We bake. #chillitsjustmakeup - http:// ift.tt/2nPZ4Bg";;;#chillitsjustmakeup;"962054958970372096";https://twitter.com/beautyblender/status/962054958970372096
;2018-02-09 06:26;0;0;"Perfect #ysl #YvesSaintLaurent #beautyblender #cubus #beauty #fashion #testowanie pic.twitter.com/vpmLeMcjzq";;;#ysl #YvesSaintLaurent #beautyblender #cubus #beauty #fashion #testowanie;"961939277998370816";https://twitter.com/annthka/status/961939277998370816
;2018-02-08 09:42;0;1;"The Beauty Closet's Top 7 Beauty Picks for Valentine's Day! https:// buff.ly/2EfhNiQ #TheBeautyCloset #Valentine 'sDay #beauty #skincare #bbloggers #beautyblender #sephora #sephorafavorites #ZoellaBeauty #BronxColors #Pacifica #Grigibag pic.twitter.com/6lPpUoQ4qi";;;#TheBeautyCloset #Valentine #beauty #skincare #bbloggers #beautyblender #sephora #sephorafavorites #ZoellaBeauty #BronxColors #Pacifica #Grigibag;"961626199473737728";https://twitter.com/ladybuggirlqtee/status/961626199473737728
;2018-02-08 04:13;0;4;"Did you see my “BEAUTY BUZZ - Cala Urban Studio Flawless Blend Duo Make-Up Blending Sponges” post? If you missed it, go take a look - http:// tinyurl.com/BBuzz1 - I this sponge! It’s the closer I’ve ever found compared to the original beautyblender @CalaProducts @Dischem #sponges pic.twitter.com/IMxWYU5prY";;@CalaProducts @Dischem;#sponges;"961543380948971520";https://twitter.com/PopcornAndPearl/status/961543380948971520
;2018-02-07 06:23;1;2;"The Super Serums: Feel rejuvenated after using Rest & Revive. More tips in our blog. Link below - https://www. mzskin.com/blog/super-ser ums-serum-part-skincare-regime … #SuperSerums #MZSkin #MZBeauty #drmaryamzamani #cosmetic #beautyblog #bbloggers #beautycare #antiaging #serums #beautyblender #WednesdayWisdom pic.twitter.com/HTW29jfq5x";;;#SuperSerums #MZSkin #MZBeauty #drmaryamzamani #cosmetic #beautyblog #bbloggers #beautycare #antiaging #serums #beautyblender #WednesdayWisdom;"961213742573932546";https://twitter.com/MZSkinOfficial/status/961213742573932546
;2018-02-06 03:08;0;1;"Todo a tener muy en cuenta!!!";;;;"960802243963510784";https://twitter.com/CarmenMarySM/status/960802243963510784
;2018-02-06 02:20;0;2;"mola bombon";;;;"960790331104034817";https://twitter.com/masqueropa/status/960790331104034817
;2018-02-05 23:44;0;3;"Gn collab #mua #makeup #makeupart #makeupartist #makeupartists #makeupbyme #smashbox #urbandecay #sephora #katvond #lauramercier #toofaced #ofra #hudabeauty #inglot #nyx #ardell #dollarlashclub #beautyblender #makeupforever #tarte pic.twitter.com/PYR1Cn0QZp";;;#mua #makeup #makeupart #makeupartist #makeupartists #makeupbyme #smashbox #urbandecay #sephora #katvond #lauramercier #toofaced #ofra #hudabeauty #inglot #nyx #ardell #dollarlashclub #beautyblender #makeupforever #tarte;"960750920383500288";https://twitter.com/NikoleMakeup/status/960750920383500288
;2018-02-05 23:15;0;0;"Pop beautyblender in oranje http:// lifestylelady.nl/2018/02/06/pop -beautyblender-oranje/ …";;;;"960743695715917824";https://twitter.com/lifestylelady1/status/960743695715917824
;2018-02-05 20:31;0;0;"JACLYN HILL X MORPHE . Products Used: Brows: @ABHcosmetics @norvina Dipbrow Pomade // Medium Brown Eyes: @MorpheBrushes X @Jaclynhill Palette . Tools Used: 2 @MorpheBrushes @elfcosmetics @beautyblender . VIDEO COMING SOON. pic.twitter.com/lZNtdC85rx";;@ABHcosmetics @norvina @MorpheBrushes @Jaclynhill @MorpheBrushes @elfcosmetics @beautyblender;;"960702457339957248";https://twitter.com/LKMBeauty_/status/960702457339957248
;2018-02-05 20:31;0;0;"ハリウッドで活躍するメイクアップアーティスト達が 愛用 メイクアップ を変える 究極の スポンジ ☆ https:// thecontents.thebase.in/items/4940654 #beautyblender #メイク #beauty #セレブ #ハリウッド";;;#beautyblender #メイク #beauty #セレブ #ハリウッド;"960702383717154816";https://twitter.com/THE_CONTENTS_JP/status/960702383717154816
;2018-02-05 19:46;0;0;"@beautyblender I was so excited to try out your original Beauty Blender but when I wet the sponge, hot pink dye embeds itself onto all my bathroom surfaces. I'm very disappointed. Can you please advise on how to remove the stain and avoid in the future?";;@beautyblender;;"960691057636839424";https://twitter.com/RachelRWeinberg/status/960691057636839424
;2018-02-09 20:34;0;4;"Didnt know @beautyblender is hispanic owned, thats dope";;@beautyblender;;"962152783792111617";https://twitter.com/faviolaedith/status/962152783792111617
;2018-02-09 16:24;0;1;"I’m a survivor";;;;"962089733915426816";https://twitter.com/__melissssaaa/status/962089733915426816
;2018-02-09 16:07;7;36;"Když se ti narodí beautyblender @hopelessyoungod @veronicayk @nevimhaha @pan_bramburka @matejsiskin @goldadamsb pic.twitter.com/hbOk64B4sz";;@hopelessyoungod @veronicayk @nevimhaha @pan_bramburka @matejsiskin @goldadamsb;;"962085559341592576";https://twitter.com/poradmala/status/962085559341592576
;2018-02-09 15:46;0;0;"Repost from trendmood1 ..... There is a NEW #BeautyBlender in Town Available Now!! Online… https://www. instagram.com/p/Be_dRFqH-QW/";;;#BeautyBlender;"962080188690550790";https://twitter.com/LashLoveMakeup/status/962080188690550790
;2018-02-09 14:57;0;0;"My beautyblenders new home and friend blendercleanser! #beautyblender #blendercleanser #wishapp … https://www. instagram.com/p/Be_XqlrAWBF/";;;#beautyblender #blendercleanser #wishapp;"962067853569441793";https://twitter.com/debbiesworld57/status/962067853569441793
;2018-02-09 13:52;0;1;"Issa new #beautyblender the #beautyblusher for your cheeks!!! I @beautyblender #mue … https://www. instagram.com/p/Be_QOrgFpZD/";;@beautyblender;#beautyblender #beautyblusher #mue;"962051694296100872";https://twitter.com/cstaylormakeup/status/962051694296100872
;2018-02-09 00:48;0;1;"I can’t live without All I use... tried other ones, nothing comes close. @beautyblender … https://www. instagram.com/p/Be92hFxAfRJ/";;@beautyblender;;"961854219736133632";https://twitter.com/lanaXwalker_/status/961854219736133632
;2018-02-08 14:56;0;0;"FACT! Did you know that the now iconic original beautyblender wasn’t always planned to be pink? The magenta colour was used on a prototype but Rea Ann loved it so much she decided to keep it pink. The ultimate happy accident! #beautyblender pic.twitter.com/kT1LSmXEJ9";;;#beautyblender;"961705389275467776";https://twitter.com/beautyblenderUK/status/961705389275467776
;2018-02-08 14:37;1;1;"Challenge video!! Maybe like a full face using a beautyblender or one brush?";;;;"961700517230661635";https://twitter.com/zahraklakhani/status/961700517230661635
;2018-02-07 13:08;0;2;"Want to win this prize pack of goodies?! Head over to our Insta to enter! #beautyblender pic.twitter.com/PkoNExGlhP";;;#beautyblender;"961315667248107521";https://twitter.com/beautyblenderUK/status/961315667248107521
;2018-02-07 00:45;0;0;"#10: beautyblender chill, Makeup Sponge For Foundations, Powders & Creams: beautyblender chill… https:// goo.gl/fb/6x5MKp #Bath #Shower";;;#10 #Bath #Shower;"961128709527887873";https://twitter.com/Bath_Bathing_Ac/status/961128709527887873
;2018-02-06 09:44;0;1;"Esa toalla me ha encantado";;;;"960902125529305089";https://twitter.com/elisacreams/status/960902125529305089
;2018-02-06 02:13;0;2;"Muy buenos!";;;;"960788638605946880";https://twitter.com/cincuentayque/status/960788638605946880
;2018-02-05 18:51;0;1;"I’m spoiled! @beautyblender will always be my sponge of choice! It’s like pouncing a cloud on your face!";;@beautyblender;;"960677258301181953";https://twitter.com/naturalglamtay/status/960677258301181953
;2018-02-05 18:18;0;0;"#Repost blackcatdarkrooms ・・・ I should charge for this professional makeup advice @beautyblender https://www. instagram.com/p/Be1Z-JlhZp6/";;@beautyblender;#Repost;"960669039801655296";https://twitter.com/shopladylashes/status/960669039801655296
;2018-02-05 17:07;0;0;"Kandee you are so beautiful. That is all x";;;;"960651164873347073";https://twitter.com/MadPinkLady/status/960651164873347073
;2018-02-05 16:08;0;2;"Foundation For Beginners | How to Avoid Cakey Face https:// youtu.be/eVxgWwnidmk #Foundation #Makeup #BeautyBlender #BeautyBloggers #EsteeLauder #Clinique #Lancome #BobbiBrown #MakeupForever #FoundationTechniques #CakeFace #MAC_Cosmetics #AnastasiaBeverlyHills";;;#Foundation #Makeup #BeautyBlender #BeautyBloggers #EsteeLauder #Clinique #Lancome #BobbiBrown #MakeupForever #FoundationTechniques #CakeFace #MAC_Cosmetics #AnastasiaBeverlyHills;"960636163362099202";https://twitter.com/ayesha14x/status/960636163362099202
;2018-02-05 15:04;0;4;"Love your hair @kandeejohnson ! So glad you're enjoying Cerafill! Let us know if there's anything else you'd like to try!";;@kandeejohnson;;"960620159944876032";https://twitter.com/Redken5thAve/status/960620159944876032
;2018-02-09 09:57;0;2;"Off to work I go! #lovemyjob @beautyblender #PA #bethlehem #lovemycrew @Bethlehem,… https://www. instagram.com/p/Be-1LU0Aw0l/";;@beautyblender @Bethlehem;#lovemyjob #PA #bethlehem #lovemycrew;"961992405133258752";https://twitter.com/ReaAnn/status/961992405133258752
;2018-02-09 09:38;0;1;"Is it weird that cleaning all my Beautyblenders is honestly the highlight of my day? It is literally the most satisfying thing ever omg @beautyblender";;@beautyblender;;"961987685110964230";https://twitter.com/itsnikkkibetch/status/961987685110964230
;2018-02-09 00:22;0;1;"Felt the love backstage #GoRedForWomen #RedDressCollection #NYFW2018 #BeautyBlender What’s an… https://www. instagram.com/p/Be9zkmxgELz/";;;#GoRedForWomen #RedDressCollection #NYFW2018 #BeautyBlender;"961847753159553024";https://twitter.com/Makeupby_Jay/status/961847753159553024
;2018-02-08 12:35;0;0;"i’m rly just curious on what everyone else does! i used to use baby soap or facial cleansers but i bought a gift set over the holidays when i bought a new beautyblender and got the blendercleanser solid and it’s bougie as hell but it rly cleans the hell outta your sponge :/ https:// twitter.com/ideksidney/sta tus/961667973596504065 …";;;;"961669796659187713";https://twitter.com/ideksidney/status/961669796659187713
;2018-02-08 09:37;0;1;"What did I even use for my makeup before the @beautyblender ?!?";;@beautyblender;;"961625042189783041";https://twitter.com/sheaISrad08/status/961625042189783041
;2018-02-07 10:37;0;1;"#wcw the women behind these beauty brands @fentybeauty meltcosmetics @beautyblender https://www. instagram.com/p/Be5wW4ihXbS/";;@fentybeauty @beautyblender;#wcw;"961277734898069504";https://twitter.com/ThereseCrews/status/961277734898069504
;2018-02-07 06:12;0;0;"A Beautyblender is a Beautyblender is a Beautyblender . . . but there's something about a fun… https://www. instagram.com/p/Be5SDd-nPs3/";;;;"961211098643955713";https://twitter.com/jennysimonFACE/status/961211098643955713
;2018-02-06 00:49;0;3;"Genial";;;;"960767420565729281";https://twitter.com/Ariencilla/status/960767420565729281
;2018-02-05 15:03;0;0;"Never had one. Do I need?";;;;"960619820428484611";https://twitter.com/RockyRichard3/status/960619820428484611
;2018-02-05 14:59;1;9;"Strike blender gold!! - http:// ift.tt/2BYWXz3";;;;"960619016682442752";https://twitter.com/beautyblender/status/960619016682442752
;2018-02-05 14:56;0;1;"If you buy ONE beauty product this month....NEW POST is live on the blog - link in bio! - @colorescience #colorescience #skincare #makeup #beautysponge #beautyblender #makeupsponge #concealer #eyecream #multitasking #newvideo #youtuber #smallyoutuber #ma … http:// ift.tt/2sbDvQ0";;@colorescience;#colorescience #skincare #makeup #beautysponge #beautyblender #makeupsponge #concealer #eyecream #multitasking #newvideo #youtuber #smallyoutuber #ma;"960618209249497089";https://twitter.com/toreynoora/status/960618209249497089
;2018-02-05 14:55;0;1;"can u please follow me? ilysm";;;;"960617957327024129";https://twitter.com/ccoollleenn/status/960617957327024129
;2018-02-05 14:55;0;1;"You look absolutely beautiful !!!!!";;;;"960617911374270466";https://twitter.com/Nesrinekada/status/960617911374270466
;2018-02-05 14:53;0;1;"Omg it looks so good! You look like a perfect little forest elf.";;;;"960617427041218560";https://twitter.com/zzionaesthetic/status/960617427041218560
;2018-02-05 14:53;9;158;"But did u see my first video with my short hair & the things I've been LOVING & using EVERY SINGLE day from @fentybeauty @clinique @yslbeauty @beautyblender @Redken5thAve & stuff I bought on @etsy - then u better click this linkadink right heeeeeyuuuuur: https://www. youtube.com/watch?v=bd3hDH XG7FE … pic.twitter.com/mHVQziTEji";;@fentybeauty @clinique @yslbeauty @beautyblender @Redken5thAve @etsy;;"960617298963779584";https://twitter.com/kandeejohnson/status/960617298963779584
;2018-02-05 12:55;1;1;"11 things you only know if you're a @beautyblender addict, like never ever use a dry one: http:// bit.ly/2BPerSI @PhoebeParke pic.twitter.com/EEHdThIJI4";;@beautyblender @PhoebeParke;;"960587633255645184";https://twitter.com/TheDebrief/status/960587633255645184
;2018-02-05 12:51;0;0;"Légende Urbaine du Makeup ou Réalité ?? Je vous laisse le découvrir en vidéo ! --> https:// youtu.be/RMxPEgk8Qm0 #BeautyBlender #InsectesBeautyBlender pic.twitter.com/IfCPaoX0QL";;;#BeautyBlender #InsectesBeautyBlender;"960586817732071424";https://twitter.com/onlymakeupstuff/status/960586817732071424
;2018-02-05 12:46;0;9;"My current 5 min, 5 product makeup routine! https:// kaylarose1220.com/5-min-5-step-m akeup/ … @beautyblender @MAKEUPFOREVERUS @BenefitBeauty @Sephora @MACcosmetics @LOrealParisUSA pic.twitter.com/znOzh0ftKI";;@beautyblender @MAKEUPFOREVERUS @BenefitBeauty @Sephora @MACcosmetics @LOrealParisUSA;;"960585362484711424";https://twitter.com/kaylarose1220/status/960585362484711424
;2018-02-07 04:00;0;0;"This trick will change your makeup game forever https:// fb.me/1yn3Qn2PB";;;;"961177759023116288";https://twitter.com/beautycrew/status/961177759023116288
;2018-02-07 03:59;0;2;"RT @maganr0324 : @Snapchat @houseoflashes @BECCA_COSMETICS @BenefitBeauty @Clinique @Doseofcolors @beautyblender @francescas #beautyblog #cosmetics #mua #beautyblogger #beauty #makeup #glamour #naturalbeauty pic.twitter.com/xywsyEXn5d";;@maganr0324 @Snapchat @houseoflashes @BECCA_COSMETICS @BenefitBeauty @Clinique @Doseofcolors @beautyblender @francescas;#beautyblog #cosmetics #mua #beautyblogger #beauty #makeup #glamour #naturalbeauty;"961177590030577664";https://twitter.com/theECOlifestyle/status/961177590030577664
;2018-02-06 11:11;0;1;"Me los apunto";;;;"960923970789953537";https://twitter.com/wastewin7/status/960923970789953537
;2018-02-05 15:24;0;0;"You look soooo beautiful!!!";;;;"960625310877339650";https://twitter.com/BrendaVilla/status/960625310877339650
;2018-02-05 12:46;1;5;"FACTS!!!! @beautyblender https:// twitter.com/antoniobtwo/st atus/959873635287670784 …";;@beautyblender;;"960585325541187584";https://twitter.com/DE7EN_MUA/status/960585325541187584
;2018-02-05 12:16;0;0;"Amamos nuestros @beautyblender son parte fundamental del kit de herramientas. Vienen en 3… https://www. instagram.com/p/Be0x--7FT0O/";;@beautyblender;;"960577766742745089";https://twitter.com/lalocadelmkup/status/960577766742745089
;2018-02-05 11:57;1;3;"Today... #secretproject @beautyblender #humblebrag @Pier59 Studios https://www. instagram.com/p/Be0v7XOApdo/";;@beautyblender @Pier59;#secretproject #humblebrag;"960573101397430273";https://twitter.com/ReaAnn/status/960573101397430273
;2018-02-05 11:52;0;0;"Paquito se comió mi beautyblender";;;;"960571742828810240";https://twitter.com/Fridacdn/status/960571742828810240
;2018-02-05 11:09;0;0;"When your filthy mind questions what new products @ASOS are now selling .... #beautyblender pic.twitter.com/Ot0Atscs2z";;@ASOS;#beautyblender;"960561111434227712";https://twitter.com/nitnat1234/status/960561111434227712
;2018-02-05 10:58;0;1;"When you go to @Sephora and see people buying over $200 worth on makeup based on @JeffreeStar approved and youre there in line with a $20 approved @beautyblender .Hey at least its Jeffree Star approved";;@Sephora @JeffreeStar @beautyblender;;"960558288776650753";https://twitter.com/Iva_Cooney/status/960558288776650753
;2018-02-05 10:56;0;0;"Sie ist an sich recht klebrig, mit einem Beautyblender lässt sie sich aber sehr leicht verteilen und einarbeiten. Meine Haut ist quasi die Sahara. Ich creme sie vorher immer ein und es gab nie Probleme, auch nach etlichen Stunden nicht.";;;;"960557716652556293";https://twitter.com/Nimmernis/status/960557716652556293
;2018-02-05 10:43;0;0;"https:// youtu.be/05swSHSDMss check it out #cutting #beautyblender pic.twitter.com/OxgjBguGUC";;;#cutting #beautyblender;"960554506130948097";https://twitter.com/daniellestube1/status/960554506130948097
;2018-02-05 09:07;0;1;"I'm so tiiiiiired of this whole "I can hold a beautyblender so here's my two cents on something idk shit about" thing. Just blend your eyeshadow and go.";;;;"960530362525872128";https://twitter.com/akaidemic/status/960530362525872128
;2018-02-05 09:03;0;0;"Someone buy me a beautyblender pro n I’ll love u forever pls n thank u";;;;"960529355310030848";https://twitter.com/ianasurch_/status/960529355310030848
;2018-02-05 08:31;0;3;"UD All Nighter all the way! Its a lil thick but with a damp beautyblender it's the shizzle. Awesome coverage & better than Shape Tape imo x";;;;"960521332223021056";https://twitter.com/Shahleena/status/960521332223021056
;2018-02-05 06:25;0;5;"My friend just thought my beautyblender was a buttplug-";;;;"960489639806193665";https://twitter.com/caseokjin/status/960489639806193665
;2018-02-05 05:25;0;3;"Heute Puder mit dem BeautyBlender anstelle mit dem Pinsel aufgetragen und das Ergebnis ist so viel schöner";;;;"960474414985998336";https://twitter.com/plaindid/status/960474414985998336
;2018-02-07 03:35;0;1;"@Snapchat @houseoflashes @BECCA_COSMETICS @BenefitBeauty @Clinique @Doseofcolors @beautyblender @francescas #beautyblog #cosmetics #mua #beautyblogger #beauty #makeup #glamour #naturalbeauty pic.twitter.com/PUvbOAGXoa";;@Snapchat @houseoflashes @BECCA_COSMETICS @BenefitBeauty @Clinique @Doseofcolors @beautyblender @francescas;#beautyblog #cosmetics #mua #beautyblogger #beauty #makeup #glamour #naturalbeauty;"961171512777629696";https://twitter.com/maganr0324/status/961171512777629696
;2018-02-07 00:27;0;0;"#2: beautyblender chill, Makeup Sponge For Foundations, Powders & Creams: beautyblender chill… https:// goo.gl/fb/iQmE8D #Bathing #Shower";;;#2 #Bathing #Shower;"961124139590471680";https://twitter.com/Bathing_Access/status/961124139590471680
;2018-02-06 22:15;0;1;"i know its so annoying";;;;"961090945734381568";https://twitter.com/katjal0/status/961090945734381568
;2018-02-06 22:05;0;0;"Ughhh :( I feel like i just got it!! I had my old one forever and it was fine?";;;;"961088455123132416";https://twitter.com/martinamillerx/status/961088455123132416
;2018-02-06 21:11;0;0;"Here is another one #fentybeauty #maccosmetic #anastasiabeverlyhills #beautyblender … https://www. instagram.com/p/Be4UJdAFgUG/";;;#fentybeauty #maccosmetic #anastasiabeverlyhills #beautyblender;"961074960834932737";https://twitter.com/Nysha1013/status/961074960834932737
;2018-02-06 02:17;0;1;"";;;;"960789414468374528";https://twitter.com/ARTPhotoMakeUp/status/960789414468374528
;2018-02-05 04:01;0;0;"Now available at Makeup Shack: beautyblender mic... Check it out here! http:// makeupshack.co.za/products/beaut yblender-micro-mini-pro?utm_campaign=social_autopilot&utm_source=tweet&utm_medium=tweet …";;;;"960453402957316096";https://twitter.com/MakeupShackSA/status/960453402957316096
;2018-02-05 02:30;0;0;"La Surface Simple de #BeautyBlender te permite colocar, mezclar y combinar maquillaje, brindando un ambiente seguro para personalizar y experimentar. http:// ow.ly/c1f830i9oyF pic.twitter.com/YAPXpC9GCg";;;#BeautyBlender;"960430355617632258";https://twitter.com/Voranamx/status/960430355617632258
;2018-02-05 00:17;0;2;"Makeup Hashtags This look was for last weeks @beautyblender for @sephoramx cluster training...… https://www. instagram.com/p/Bezf1qUB3LQ/";;@beautyblender @sephoramx;;"960396977329659904";https://twitter.com/GinaStar22/status/960396977329659904
;2018-02-04 22:30;1;0;"Ladies, menggunakan aplikator yang tepat adalah langkah penting agar contouring dan base foundation kamu menyatu sempurna. Kamu bisa menggunakan beautyblender , oval brush atau kuas. #CintaiKulitSehatmu pic.twitter.com/QlOkL9ewwl";;;#CintaiKulitSehatmu;"960369987687874561";https://twitter.com/Venus_IND/status/960369987687874561
;2018-02-04 21:28;1;2;"I lost my beautyblender this morning & greg just found it & said so excitely " your baby blender!!!!" .....";;;;"960354328576974849";https://twitter.com/emilieclairee/status/960354328576974849
;2018-02-04 20:57;1;0;"Looking for a Beautyblender Alternative? The Beauty Closet Has You Covered With These Top 5 Affordable Beauty Sponges: https:// buff.ly/2EEGses #TheBeautyCloset #bbloggers #beautybloggers #beauty #skincare #makeup pic.twitter.com/Ay8yraPWEp";;;#TheBeautyCloset #bbloggers #beautybloggers #beauty #skincare #makeup;"960346691177238528";https://twitter.com/ladybuggirlqtee/status/960346691177238528
;2018-02-04 20:32;0;0;"The Untold Story of Beautyblender - http:// bit.ly/245AxU5 pic.twitter.com/pGsRinEFig";;;;"960340257953562624";https://twitter.com/dianasbeauties/status/960340257953562624
;2018-02-04 19:00;0;0;"Aplica tu blush favorito con la Beauty Blusher de #BEAUTYBLENDER y consigue un look natural en tus mejillas . http:// ow.ly/9QoK30i94Zd pic.twitter.com/WVhcVREqHW";;;#BEAUTYBLENDER;"960317138631262209";https://twitter.com/Voranamx/status/960317138631262209
;2018-02-04 18:15;0;0;"How To Clean A Beauty Blender https:// youtu.be/_p9QLgH3Sos #BeautyBlender #makeup pic.twitter.com/pvIBwNQ4G7";;;#BeautyBlender #makeup;"960305798101553152";https://twitter.com/ShaneeJudee/status/960305798101553152
;2018-02-04 17:47;0;0;"Beautyblender";;;;"960298791105716227";https://twitter.com/onurbaris42/status/960298791105716227
;2018-02-04 17:33;1;2;"The new teal @beautyblender has me feeling all kinds of blue #beautybliss https://www. pinterest.com/MissJaneSpring /beautybliss/ … pic.twitter.com/CNE5AzIIwf";;@beautyblender;#beautybliss;"960295218653298688";https://twitter.com/missjanespring/status/960295218653298688
;2018-02-04 16:11;0;0;"My amazing bf surprised me with a 3-pack of beauty blenders a few months back, I cried b/c so sweet of him & then I cried when I misplaced them. I’ve literally looked for them over and over ever since but they’re gone, like of course @Sephora @beautyblender";;@Sephora @beautyblender;;"960274687237517312";https://twitter.com/GigiSmilesXo/status/960274687237517312
;2018-02-06 20:31;0;0;"ハリウッドで活躍するメイクアップアーティスト達が 愛用 メイクアップ を変える 究極の スポンジ ☆ https:// thecontents.thebase.in/items/4940654 #beautyblender #メイク #beauty #セレブ #ハリウッド";;;#beautyblender #メイク #beauty #セレブ #ハリウッド;"961064764356026368";https://twitter.com/THE_CONTENTS_JP/status/961064764356026368
;2018-02-06 20:30;0;0;"How can I pick? It’s like choosing between my right or left leg!? Lmao";;;;"961064508281126912";https://twitter.com/sandycarlisle1/status/961064508281126912
;2018-02-06 20:22;0;0;"@Sephora haul! @tartecosmetics @KATVONDbeauty @BenefitBeauty @ABHcosmetics @beautyblender pic.twitter.com/fificvSKeJ";;@Sephora @tartecosmetics @KATVONDbeauty @BenefitBeauty @ABHcosmetics @beautyblender;;"961062655514390528";https://twitter.com/neutralsoymilky/status/961062655514390528
;2018-02-06 19:53;0;0;"the sephora brand beautyblender knock-off is pretty good and in the ~$10 range if you use those!";;;;"961055395853762560";https://twitter.com/laurensieben/status/961055395853762560
;2018-02-06 19:38;0;0;"I did!";;;;"961051506660212739";https://twitter.com/saflyer/status/961051506660212739
;2018-02-06 19:34;0;0;"(Blotterazzi by Beauty Blender) #makeup #beautyblender #blotterazzi #blottingpaper #sephora #ulta #aspiringmua";;;#makeup #beautyblender #blotterazzi #blottingpaper #sephora #ulta #aspiringmua;"961050431895031808";https://twitter.com/beautyst8ments/status/961050431895031808
;2018-02-06 08:32;0;1;"";;;;"960884029217234944";https://twitter.com/aligarcialobato/status/960884029217234944
;2018-02-04 15:30;0;1;"Cleaned all my makeup brushes and @beautyblender sponges this morning #lit";;@beautyblender;#lit;"960264414841659392";https://twitter.com/AlissaSue3/status/960264414841659392
;2018-02-04 15:16;1;2;"Story story night with @QueenBeeIeBlog #makeuptutorial #storytime #story #instagramstory #bblogger #bbloggers #beauty #howto #makeupsponge #beautysponge #spongedry #basicbeautytools #foundationblender #beautyblender #beautyblogger #blog #ad #socialmedia #RT pic.twitter.com/U6WYggVFs5";;@QueenBeeIeBlog;#makeuptutorial #storytime #story #instagramstory #bblogger #bbloggers #beauty #howto #makeupsponge #beautysponge #spongedry #basicbeautytools #foundationblender #beautyblender #beautyblogger #blog #ad #socialmedia #RT;"960260690664673281";https://twitter.com/basicbeautytool/status/960260690664673281
;2018-02-04 14:26;0;2;"Got the Sunday night blues? Why not treat yo self to a new blender! We recommend replacing yours every 3 months! #beautyblender pic.twitter.com/qq854vCKRb";;;#beautyblender;"960248300241915906";https://twitter.com/beautyblenderUK/status/960248300241915906
;2018-02-04 13:39;0;2;""Como Limpiar Tus Pinceles - Parte 2" @MACcosmetics @beautyblender @AliExpressES https://www. youtube.com/watch?v=AlF_6E U3sHw&feature=youtu.be … pic.twitter.com/tPe0VrQ3lS";;@MACcosmetics @beautyblender @AliExpressES;;"960236381309194240";https://twitter.com/VicWorld16/status/960236381309194240
;2018-02-04 13:36;0;1;"#soreal";;;#soreal;"960235610601639937";https://twitter.com/imstephsaunders/status/960235610601639937
;2018-02-04 13:20;1;2;"";;;;"960231528893698049";https://twitter.com/Stardivarius_/status/960231528893698049
;2018-02-04 12:20;0;2;"Con ese color de ojos...y esa boca tan bonita...";;;;"960216575310692353";https://twitter.com/Isabramaa/status/960216575310692353
;2018-02-04 11:41;1;12;"Our gameplan for a flawless face! Anyone else hear there’s a football game during the @justintimberlake Concert?? #chillitsjustmakeup - http:// ift.tt/2nGKpat";;@justintimberlake;#chillitsjustmakeup;"960206750258515968";https://twitter.com/beautyblender/status/960206750258515968
;2018-02-04 10:50;1;1;"Me encantas";;;;"960193819542204416";https://twitter.com/elisacreams/status/960193819542204416
;2018-02-04 10:45;0;0;"Hey @beautyblender I’ve only had a Beauty blender for a month and it’s already falling apart! What gives?";;@beautyblender;;"960192594604048387";https://twitter.com/tiamiadia/status/960192594604048387
;2018-02-04 10:14;0;1;"i think i will need to start using beautyblender alr bcos using brush will only irritate my skin ))-:";;;;"960184748214599680";https://twitter.com/_asndhisml/status/960184748214599680
;2018-02-04 08:18;0;1;"This is what the #beautyblender does with your #highlight and #contour #makeup #Sephora … https://www. instagram.com/p/BexyEtGAtrs/";;;#beautyblender #highlight #contour #makeup #Sephora;"960155603720134656";https://twitter.com/sassyonebeauty/status/960155603720134656